{"_wandb":{"runtime":0},"_runtime":0,"_step":0,"accuracy":0.5,"precision":1,"recall":0.3333333333333333,"f1_score":0.5,"_timestamp":1.776915588229597e+09}